SensConv120,SensConvAll,FalsePosConv120,FalsePosConvAll
0,0,0,0
0.0590791796821948,0.0590791796821948,0.00332156944156114,0.00332156944156114
1,1,1,1
